<?xml version="1.0"?>
<opencv_storage>
<cascade>
  <stageType>BOOST</stageType>
  <featureType>HAAR</featureType>
  <height>24</height>
  <width>24</width>
  <stageParams>
    <boostType>GAB</boostType>
    <minHitRate>9.9500000476837158e-01</minHitRate>
    <maxFalseAlarm>5.0000000000000000e-01</maxFalseAlarm>
    <weightTrimRate>9.4999998807907104e-01</weightTrimRate>
    <maxDepth>1</maxDepth>
    <maxWeakCount>100</maxWeakCount></stageParams>
  <featureParams>
    <maxCatCount>0</maxCatCount>
    <featSize>1</featSize>
    <mode>BASIC</mode></featureParams>
  <stageNum>15</stageNum>
  <stages>
    <!-- stage 0 -->
    <_>
      <maxWeakCount>3</maxWeakCount>
      <stageThreshold>-1.1219615936279297e+00</stageThreshold>
      <weakClassifiers>
        <_>
          <internalNodes>
            0 -1 8 -4.7489148378372192e-01</internalNodes>
          <leafValues>
            6.6666668653488159e-01 -9.0476191043853760e-01</leafValues></_>
        <_>
          <internalNodes>
            0 -1 13 -5.2732080221176147e-02</internalNodes>
          <leafValues>
            3.6977529525756836e-01 -9.2311435937881470e-01</leafValues></_>
        <_>
          <internalNodes>
            0 -1 64 -4.1809361428022385e-03</internalNodes>
          <leafValues>
            7.0591467618942261e-01 -5.8017945289611816e-01</leafValues></_></weakClassifiers></_>
    <!-- stage 1 -->
    <_>
      <maxWeakCount>5</maxWeakCount>
      <stageThreshold>-2.0475060939788818e+00</stageThreshold>
      <weakClassifiers>
        <_>
          <internalNodes>
            0 -1 32 -3.3910137414932251e-01</internalNodes>
          <leafValues>
            5.4666668176651001e-01 -8.3054006099700928e-01</leafValues></_>
        <_>
          <internalNodes>
            0 -1 21 -3.3528378605842590e-01</internalNodes>
          <leafValues>
            5.8426374197006226e-01 -7.0541375875473022e-01</leafValues></_>
        <_>
          <internalNodes>
            0 -1 54 5.2331380546092987e-02</internalNodes>
          <leafValues>
            -9.2628836631774902e-01 4.5159608125686646e-01</leafValues></_>
        <_>
          <internalNodes>
            0 -1 107 -1.1993347470706794e-05</internalNodes>
          <leafValues>
            -9.1700619459152222e-01 2.0657001435756683e-01</leafValues></_>
        <_>
          <internalNodes>
            0 -1 100 1.6892963685677387e-05</internalNodes>
          <leafValues>
            2.0816604793071747e-01 -9.4312191009521484e-01</leafValues></_></weakClassifiers></_>
    <!-- stage 2 -->
    <_>
      <maxWeakCount>5</maxWeakCount>
      <stageThreshold>-1.6026612520217896e+00</stageThreshold>
      <weakClassifiers>
        <_>
          <internalNodes>
            0 -1 47 -1.6061714291572571e-01</internalNodes>
          <leafValues>
            2.0979020744562149e-02 -8.4890657663345337e-01</leafValues></_>
        <_>
          <internalNodes>
            0 -1 20 -2.0200693607330322e-01</internalNodes>
          <leafValues>
            2.1398662030696869e-01 -7.2908979654312134e-01</leafValues></_>
        <_>
          <internalNodes>
            0 -1 38 3.4808125346899033e-02</internalNodes>
          <leafValues>
            -8.1423330307006836e-01 3.3957731723785400e-01</leafValues></_>
        <_>
          <internalNodes>
            0 -1 85 2.5030210614204407e-02</internalNodes>
          <leafValues>
            -4.3772256374359131e-01 5.2005612850189209e-01</leafValues></_>
        <_>
          <internalNodes>
            0 -1 109 -1.2713551768683828e-05</internalNodes>
          <leafValues>
            -8.8944047689437866e-01 2.8421452641487122e-01</leafValues></_></weakClassifiers></_>
    <!-- stage 3 -->
    <_>
      <maxWeakCount>5</maxWeakCount>
      <stageThreshold>-1.4851305484771729e+00</stageThreshold>
      <weakClassifiers>
        <_>
          <internalNodes>
            0 -1 66 -6.8515308201313019e-02</internalNodes>
          <leafValues>
            2.9411765933036804e-01 -8.2330828905105591e-01</leafValues></_>
        <_>
          <internalNodes>
            0 -1 30 -4.2953498661518097e-02</internalNodes>
          <leafValues>
            2.8750368952751160e-01 -6.6028875112533569e-01</leafValues></_>
        <_>
          <internalNodes>
            0 -1 57 3.6122323945164680e-03</internalNodes>
          <leafValues>
            -4.2418330907821655e-01 6.7376643419265747e-01</leafValues></_>
        <_>
          <internalNodes>
            0 -1 27 -3.6121908575296402e-02</internalNodes>
          <leafValues>
            3.0355399847030640e-01 -8.1222975254058838e-01</leafValues></_>
        <_>
          <internalNodes>
            0 -1 111 -4.4537744543049484e-05</internalNodes>
          <leafValues>
            -8.1086260080337524e-01 2.5866463780403137e-01</leafValues></_></weakClassifiers></_>
    <!-- stage 4 -->
    <_>
      <maxWeakCount>7</maxWeakCount>
      <stageThreshold>-2.0286636352539063e+00</stageThreshold>
      <weakClassifiers>
        <_>
          <internalNodes>
            0 -1 52 9.0465350076556206e-03</internalNodes>
          <leafValues>
            -8.0889308452606201e-01 4.3478261679410934e-02</leafValues></_>
        <_>
          <internalNodes>
            0 -1 89 7.9399207606911659e-03</internalNodes>
          <leafValues>
            -6.3314360380172729e-01 1.6595752537250519e-01</leafValues></_>
        <_>
          <internalNodes>
            0 -1 37 -1.4155791723169386e-04</internalNodes>
          <leafValues>
            -9.2976921796798706e-01 1.6794821619987488e-01</leafValues></_>
        <_>
          <internalNodes>
            0 -1 5 1.0084260429721326e-04</internalNodes>
          <leafValues>
            2.8126510977745056e-01 -8.4309554100036621e-01</leafValues></_>
        <_>
          <internalNodes>
            0 -1 31 -4.0830437093973160e-02</internalNodes>
          <leafValues>
            3.8997125625610352e-01 -5.2632611989974976e-01</leafValues></_>
        <_>
          <internalNodes>
            0 -1 35 -3.7141639040783048e-05</internalNodes>
          <leafValues>
            -8.5283768177032471e-01 2.5083959102630615e-01</leafValues></_>
        <_>
          <internalNodes>
            0 -1 83 4.0320819243788719e-03</internalNodes>
          <leafValues>
            -3.0098438262939453e-01 6.6262865066528320e-01</leafValues></_></weakClassifiers></_>
    <!-- stage 5 -->
    <_>
      <maxWeakCount>9</maxWeakCount>
      <stageThreshold>-2.2830052375793457e+00</stageThreshold>
      <weakClassifiers>
        <_>
          <internalNodes>
            0 -1 9 -7.0483022928237915e-01</internalNodes>
          <leafValues>
            -4.6153847128152847e-02 -8.2924437522888184e-01</leafValues></_>
        <_>
          <internalNodes>
            0 -1 97 4.1824810206890106e-02</internalNodes>
          <leafValues>
            -6.2147051095962524e-01 1.4129215478897095e-01</leafValues></_>
        <_>
          <internalNodes>
            0 -1 58 3.5888597369194031e-02</internalNodes>
          <leafValues>
            -8.8378959894180298e-01 1.8206721544265747e-01</leafValues></_>
        <_>
          <internalNodes>
            0 -1 4 1.3736789696849883e-04</internalNodes>
          <leafValues>
            1.7609153687953949e-01 -8.4440076351165771e-01</leafValues></_>
        <_>
          <internalNodes>
            0 -1 62 1.2215257156640291e-03</internalNodes>
          <leafValues>
            -3.4995838999748230e-01 5.4887562990188599e-01</leafValues></_>
        <_>
          <internalNodes>
            0 -1 0 1.3014114301768132e-05</internalNodes>
          <leafValues>
            2.1527309715747833e-01 -9.0353655815124512e-01</leafValues></_>
        <_>
          <internalNodes>
            0 -1 53 2.2525466047227383e-03</internalNodes>
          <leafValues>
            -3.6547818779945374e-01 5.4308879375457764e-01</leafValues></_>
        <_>
          <internalNodes>
            0 -1 75 -1.0437266901135445e-03</internalNodes>
          <leafValues>
            2.4061001837253571e-01 -8.1163609027862549e-01</leafValues></_>
        <_>
          <internalNodes>
            0 -1 26 -2.7692582458257675e-02</internalNodes>
          <leafValues>
            -9.2087161540985107e-01 1.3496127724647522e-01</leafValues></_></weakClassifiers></_>
    <!-- stage 6 -->
    <_>
      <maxWeakCount>9</maxWeakCount>
      <stageThreshold>-2.0962481498718262e+00</stageThreshold>
      <weakClassifiers>
        <_>
          <internalNodes>
            0 -1 69 -6.8113863468170166e-02</internalNodes>
          <leafValues>
            1.4285714924335480e-01 -7.9796105623245239e-01</leafValues></_>
        <_>
          <internalNodes>
            0 -1 41 5.6049651902867481e-05</internalNodes>
          <leafValues>
            -5.4028503596782684e-02 -9.0223848819732666e-01</leafValues></_>
        <_>
          <internalNodes>
            0 -1 106 1.4121691492618993e-05</internalNodes>
          <leafValues>
            1.6753698885440826e-01 -6.2996727228164673e-01</leafValues></_>
        <_>
          <internalNodes>
            0 -1 112 5.0826209189835936e-05</internalNodes>
          <leafValues>
            1.8176586925983429e-01 -7.8107583522796631e-01</leafValues></_>
        <_>
          <internalNodes>
            0 -1 34 -2.0638529676944017e-03</internalNodes>
          <leafValues>
            4.3992331624031067e-01 -3.4429419040679932e-01</leafValues></_>
        <_>
          <internalNodes>
            0 -1 18 -4.3339714466128498e-05</internalNodes>
          <leafValues>
            -7.4808967113494873e-01 2.2011910378932953e-01</leafValues></_>
        <_>
          <internalNodes>
            0 -1 87 1.4511173503706232e-05</internalNodes>
          <leafValues>
            1.1353100836277008e-01 -9.7032898664474487e-01</leafValues></_>
        <_>
          <internalNodes>
            0 -1 14 -1.2668868899345398e-01</internalNodes>
          <leafValues>
            -7.8377759456634521e-01 1.2696978449821472e-01</leafValues></_>
        <_>
          <internalNodes>
            0 -1 28 1.5757492184638977e-01</internalNodes>
          <leafValues>
            1.1981828510761261e-01 -9.6739578247070313e-01</leafValues></_></weakClassifiers></_>
    <!-- stage 7 -->
    <_>
      <maxWeakCount>10</maxWeakCount>
      <stageThreshold>-1.7787220478057861e+00</stageThreshold>
      <weakClassifiers>
        <_>
          <internalNodes>
            0 -1 68 -7.2311878204345703e-02</internalNodes>
          <leafValues>
            1.6417910158634186e-01 -7.9667282104492188e-01</leafValues></_>
        <_>
          <internalNodes>
            0 -1 45 2.7971714735031128e-03</internalNodes>
          <leafValues>
            -4.6898347139358521e-01 2.7043962478637695e-01</leafValues></_>
        <_>
          <internalNodes>
            0 -1 3 -5.5162357166409492e-03</internalNodes>
          <leafValues>
            4.6521523594856262e-01 -2.9405075311660767e-01</leafValues></_>
        <_>
          <internalNodes>
            0 -1 7 2.8223007917404175e-01</internalNodes>
          <leafValues>
            1.7907384037971497e-01 -8.8690060377120972e-01</leafValues></_>
        <_>
          <internalNodes>
            0 -1 60 -1.4353284239768982e-01</internalNodes>
          <leafValues>
            -9.1661822795867920e-01 1.6578072309494019e-01</leafValues></_>
        <_>
          <internalNodes>
            0 -1 36 4.0563456423114985e-05</internalNodes>
          <leafValues>
            9.9967002868652344e-02 -9.4366127252578735e-01</leafValues></_>
        <_>
          <internalNodes>
            0 -1 15 1.3936772120359819e-05</internalNodes>
          <leafValues>
            1.2713545560836792e-01 -7.6943188905715942e-01</leafValues></_>
        <_>
          <internalNodes>
            0 -1 88 8.2075677346438169e-04</internalNodes>
          <leafValues>
            -3.0863159894943237e-01 4.4310915470123291e-01</leafValues></_>
        <_>
          <internalNodes>
            0 -1 79 1.0149471927434206e-03</internalNodes>
          <leafValues>
            -2.6431751251220703e-01 4.9065706133842468e-01</leafValues></_>
        <_>
          <internalNodes>
            0 -1 93 1.6407619696110487e-03</internalNodes>
          <leafValues>
            -2.1802292764186859e-01 6.1764752864837646e-01</leafValues></_></weakClassifiers></_>
    <!-- stage 8 -->
    <_>
      <maxWeakCount>9</maxWeakCount>
      <stageThreshold>-1.2860769033432007e+00</stageThreshold>
      <weakClassifiers>
        <_>
          <internalNodes>
            0 -1 25 -2.5008162856101990e-01</internalNodes>
          <leafValues>
            1. -7.6834660768508911e-01</leafValues></_>
        <_>
          <internalNodes>
            0 -1 70 6.9696465507149696e-03</internalNodes>
          <leafValues>
            -3.6299833655357361e-01 5.6672793626785278e-01</leafValues></_>
        <_>
          <internalNodes>
            0 -1 51 3.0034178053028882e-05</internalNodes>
          <leafValues>
            1.6386848688125610e-01 -8.0483859777450562e-01</leafValues></_>
        <_>
          <internalNodes>
            0 -1 1 -9.1583579778671265e-03</internalNodes>
          <leafValues>
            1.4989405870437622e-01 -6.9020062685012817e-01</leafValues></_>
        <_>
          <internalNodes>
            0 -1 42 1.9637267105281353e-03</internalNodes>
          <leafValues>
            -3.3380088210105896e-01 3.9843961596488953e-01</leafValues></_>
        <_>
          <internalNodes>
            0 -1 59 -1.5971183529472910e-05</internalNodes>
          <leafValues>
            -7.4488312005996704e-01 1.8738016486167908e-01</leafValues></_>
        <_>
          <internalNodes>
            0 -1 10 -1.2517936527729034e-01</internalNodes>
          <leafValues>
            -1. 8.2709722220897675e-02</leafValues></_>
        <_>
          <internalNodes>
            0 -1 105 -6.8358946009539068e-05</internalNodes>
          <leafValues>
            -9.6438485383987427e-01 8.8841065764427185e-02</leafValues></_>
        <_>
          <internalNodes>
            0 -1 43 -7.6000443659722805e-03</internalNodes>
          <leafValues>
            5.8547371625900269e-01 -2.5197342038154602e-01</leafValues></_></weakClassifiers></_>
    <!-- stage 9 -->
    <_>
      <maxWeakCount>9</maxWeakCount>
      <stageThreshold>-1.7782118320465088e+00</stageThreshold>
      <weakClassifiers>
        <_>
          <internalNodes>
            0 -1 39 2.3098491132259369e-02</internalNodes>
          <leafValues>
            -7.6480990648269653e-01 7.7777779102325439e-01</leafValues></_>
        <_>
          <internalNodes>
            0 -1 6 -1.0134278237819672e-01</internalNodes>
          <leafValues>
            -8.3733332157135010e-01 -4.9577735364437103e-02</leafValues></_>
        <_>
          <internalNodes>
            0 -1 19 1.2424031410773750e-05</internalNodes>
          <leafValues>
            1.1424476653337479e-01 -6.8706512451171875e-01</leafValues></_>
        <_>
          <internalNodes>
            0 -1 74 -4.2145075276494026e-03</internalNodes>
          <leafValues>
            4.3816688656806946e-01 -2.5850707292556763e-01</leafValues></_>
        <_>
          <internalNodes>
            0 -1 24 -4.3626256228890270e-05</internalNodes>
          <leafValues>
            -7.1251696348190308e-01 1.6040751338005066e-01</leafValues></_>
        <_>
          <internalNodes>
            0 -1 23 -1.0415336117148399e-02</internalNodes>
          <leafValues>
            2.1464581787586212e-01 -5.8146870136260986e-01</leafValues></_>
        <_>
          <internalNodes>
            0 -1 78 -1.0878768516704440e-03</internalNodes>
          <leafValues>
            4.4448769092559814e-01 -3.1218200922012329e-01</leafValues></_>
        <_>
          <internalNodes>
            0 -1 63 1.5621657948940992e-03</internalNodes>
          <leafValues>
            -2.3424457013607025e-01 5.7738947868347168e-01</leafValues></_>
        <_>
          <internalNodes>
            0 -1 110 -6.8302892032079399e-05</internalNodes>
          <leafValues>
            -8.4936565160751343e-01 1.4792579412460327e-01</leafValues></_></weakClassifiers></_>
    <!-- stage 10 -->
    <_>
      <maxWeakCount>8</maxWeakCount>
      <stageThreshold>-1.8364855051040649e+00</stageThreshold>
      <weakClassifiers>
        <_>
          <internalNodes>
            0 -1 17 -5.7402782142162323e-02</internalNodes>
          <leafValues>
            4.7058823704719543e-01 -7.7757847309112549e-01</leafValues></_>
        <_>
          <internalNodes>
            0 -1 67 1.1822826927527785e-03</internalNodes>
          <leafValues>
            -4.5385962724685669e-01 3.2243838906288147e-01</leafValues></_>
        <_>
          <internalNodes>
            0 -1 91 2.2737523249816149e-04</internalNodes>
          <leafValues>
            -2.7996674180030823e-01 5.0395464897155762e-01</leafValues></_>
        <_>
          <internalNodes>
            0 -1 40 -2.6232665404677391e-03</internalNodes>
          <leafValues>
            3.7568178772926331e-01 -3.8355019688606262e-01</leafValues></_>
        <_>
          <internalNodes>
            0 -1 77 9.8949763923883438e-03</internalNodes>
          <leafValues>
            -3.1677022576332092e-01 4.1545170545578003e-01</leafValues></_>
        <_>
          <internalNodes>
            0 -1 76 9.7381731029599905e-04</internalNodes>
          <leafValues>
            -3.0741313099861145e-01 5.2550339698791504e-01</leafValues></_>
        <_>
          <internalNodes>
            0 -1 96 2.3048184812068939e-03</internalNodes>
          <leafValues>
            2.3593308031558990e-01 -7.2689020633697510e-01</leafValues></_>
        <_>
          <internalNodes>
            0 -1 86 5.0769292283803225e-04</internalNodes>
          <leafValues>
            -3.8619664311408997e-01 3.4743309020996094e-01</leafValues></_></weakClassifiers></_>
    <!-- stage 11 -->
    <_>
      <maxWeakCount>10</maxWeakCount>
      <stageThreshold>-1.8428531885147095e+00</stageThreshold>
      <weakClassifiers>
        <_>
          <internalNodes>
            0 -1 50 7.2465181350708008e-02</internalNodes>
          <leafValues>
            -7.8422486782073975e-01 3.0434781312942505e-01</leafValues></_>
        <_>
          <internalNodes>
            0 -1 22 -6.8535089492797852e-01</internalNodes>
          <leafValues>
            6.3161128759384155e-01 -3.9458763599395752e-01</leafValues></_>
        <_>
          <internalNodes>
            0 -1 101 2.0195264369249344e-02</internalNodes>
          <leafValues>
            -4.0223911404609680e-01 3.5114517807960510e-01</leafValues></_>
        <_>
          <internalNodes>
            0 -1 2 1.5001969586592168e-05</internalNodes>
          <leafValues>
            1.3930420577526093e-01 -9.2592614889144897e-01</leafValues></_>
        <_>
          <internalNodes>
            0 -1 65 7.4081250932067633e-04</internalNodes>
          <leafValues>
            -2.9932495951652527e-01 4.7768855094909668e-01</leafValues></_>
        <_>
          <internalNodes>
            0 -1 55 -3.9770605508238077e-04</internalNodes>
          <leafValues>
            3.3481094241142273e-01 -3.8060677051544189e-01</leafValues></_>
        <_>
          <internalNodes>
            0 -1 103 2.5125977117568254e-04</internalNodes>
          <leafValues>
            2.1483242511749268e-01 -5.2370131015777588e-01</leafValues></_>
        <_>
          <internalNodes>
            0 -1 16 2.3691172827966511e-05</internalNodes>
          <leafValues>
            1.4057855308055878e-01 -8.8234305381774902e-01</leafValues></_>
        <_>
          <internalNodes>
            0 -1 82 -1.2160321697592735e-02</internalNodes>
          <leafValues>
            6.5612334012985229e-01 -2.0927004516124725e-01</leafValues></_>
        <_>
          <internalNodes>
            0 -1 56 1.2969025410711765e-03</internalNodes>
          <leafValues>
            -3.3682465553283691e-01 3.9066487550735474e-01</leafValues></_></weakClassifiers></_>
    <!-- stage 12 -->
    <_>
      <maxWeakCount>10</maxWeakCount>
      <stageThreshold>-1.5603345632553101e+00</stageThreshold>
      <weakClassifiers>
        <_>
          <internalNodes>
            0 -1 71 -1.7478827387094498e-02</internalNodes>
          <leafValues>
            1. -7.7147918939590454e-01</leafValues></_>
        <_>
          <internalNodes>
            0 -1 108 3.5838893381878734e-05</internalNodes>
          <leafValues>
            -3.3945187460631132e-03 -6.5630078315734863e-01</leafValues></_>
        <_>
          <internalNodes>
            0 -1 11 -1.2803593650460243e-02</internalNodes>
          <leafValues>
            5.0917410850524902e-01 -2.4671393632888794e-01</leafValues></_>
        <_>
          <internalNodes>
            0 -1 102 4.6587152610300109e-05</internalNodes>
          <leafValues>
            1.4756479859352112e-01 -9.5462155342102051e-01</leafValues></_>
        <_>
          <internalNodes>
            0 -1 73 1.1605769395828247e-03</internalNodes>
          <leafValues>
            -3.4538111090660095e-01 4.4407558441162109e-01</leafValues></_>
        <_>
          <internalNodes>
            0 -1 94 3.0518847052007914e-04</internalNodes>
          <leafValues>
            -3.4805294871330261e-01 4.1352939605712891e-01</leafValues></_>
        <_>
          <internalNodes>
            0 -1 95 4.3859174184035510e-05</internalNodes>
          <leafValues>
            2.7156198024749756e-01 -5.5583989620208740e-01</leafValues></_>
        <_>
          <internalNodes>
            0 -1 46 -4.3289270251989365e-04</internalNodes>
          <leafValues>
            5.4661965370178223e-01 -2.8761401772499084e-01</leafValues></_>
        <_>
          <internalNodes>
            0 -1 104 -7.3862029239535332e-03</internalNodes>
          <leafValues>
            4.4838058948516846e-01 -3.5789456963539124e-01</leafValues></_>
        <_>
          <internalNodes>
            0 -1 98 -2.1072349045425653e-04</internalNodes>
          <leafValues>
            -5.9677082300186157e-01 2.7808722853660583e-01</leafValues></_></weakClassifiers></_>
    <!-- stage 13 -->
    <_>
      <maxWeakCount>8</maxWeakCount>
      <stageThreshold>-1.6444864273071289e+00</stageThreshold>
      <weakClassifiers>
        <_>
          <internalNodes>
            0 -1 44 -1.0589722543954849e-02</internalNodes>
          <leafValues>
            1. -7.9372197389602661e-01</leafValues></_>
        <_>
          <internalNodes>
            0 -1 61 -4.0271796286106110e-02</internalNodes>
          <leafValues>
            6.1388313770294189e-01 -4.7933200001716614e-01</leafValues></_>
        <_>
          <internalNodes>
            0 -1 90 -2.4774265475571156e-03</internalNodes>
          <leafValues>
            4.2725020647048950e-01 -5.4657608270645142e-01</leafValues></_>
        <_>
          <internalNodes>
            0 -1 48 6.3163921004161239e-04</internalNodes>
          <leafValues>
            -3.0120620131492615e-01 5.6728202104568481e-01</leafValues></_>
        <_>
          <internalNodes>
            0 -1 49 6.7749927984550595e-04</internalNodes>
          <leafValues>
            -2.6754170656204224e-01 6.1368358135223389e-01</leafValues></_>
        <_>
          <internalNodes>
            0 -1 99 2.8006109641864896e-04</internalNodes>
          <leafValues>
            2.9659759998321533e-01 -6.0418540239334106e-01</leafValues></_>
        <_>
          <internalNodes>
            0 -1 29 1.9554829224944115e-02</internalNodes>
          <leafValues>
            -1.7958274483680725e-01 8.7087297439575195e-01</leafValues></_>
        <_>
          <internalNodes>
            0 -1 84 -1.0749369394034147e-03</internalNodes>
          <leafValues>
            6.2687665224075317e-01 -2.8891262412071228e-01</leafValues></_></weakClassifiers></_>
    <!-- stage 14 -->
    <_>
      <maxWeakCount>6</maxWeakCount>
      <stageThreshold>-1.4291756153106689e+00</stageThreshold>
      <weakClassifiers>
        <_>
          <internalNodes>
            0 -1 80 -1.5926156193017960e-02</internalNodes>
          <leafValues>
            1. -8.1323665380477905e-01</leafValues></_>
        <_>
          <internalNodes>
            0 -1 92 1.9856911152601242e-02</internalNodes>
          <leafValues>
            -5.7548296451568604e-01 4.9695611000061035e-01</leafValues></_>
        <_>
          <internalNodes>
            0 -1 72 3.8243910239543766e-05</internalNodes>
          <leafValues>
            3.3019140362739563e-01 -7.1959275007247925e-01</leafValues></_>
        <_>
          <internalNodes>
            0 -1 81 -3.6707252264022827e-02</internalNodes>
          <leafValues>
            4.6191915869712830e-01 -5.2621912956237793e-01</leafValues></_>
        <_>
          <internalNodes>
            0 -1 12 -2.1326416172087193e-03</internalNodes>
          <leafValues>
            -3.2191625237464905e-01 9.2063122987747192e-01</leafValues></_>
        <_>
          <internalNodes>
            0 -1 33 2.1162857592571527e-04</internalNodes>
          <leafValues>
            5.4086196422576904e-01 -5.1065039634704590e-01</leafValues></_></weakClassifiers></_></stages>
  <features>
    <_>
      <rects>
        <_>
          0 0 2 17 -1.</_>
        <_>
          1 0 1 17 2.</_></rects>
      <tilted>0</tilted></_>
    <_>
      <rects>
        <_>
          0 0 8 17 -1.</_>
        <_>
          4 0 4 17 2.</_></rects>
      <tilted>0</tilted></_>
    <_>
      <rects>
        <_>
          0 0 5 4 -1.</_>
        <_>
          0 2 5 2 2.</_></rects>
      <tilted>0</tilted></_>
    <_>
      <rects>
        <_>
          0 0 10 4 -1.</_>
        <_>
          0 0 5 2 2.</_>
        <_>
          5 2 5 2 2.</_></rects>
      <tilted>0</tilted></_>
    <_>
      <rects>
        <_>
          0 0 18 1 -1.</_>
        <_>
          6 0 6 1 3.</_></rects>
      <tilted>0</tilted></_>
    <_>
      <rects>
        <_>
          0 0 22 1 -1.</_>
        <_>
          11 0 11 1 2.</_></rects>
      <tilted>0</tilted></_>
    <_>
      <rects>
        <_>
          0 0 22 20 -1.</_>
        <_>
          0 0 11 10 2.</_>
        <_>
          11 10 11 10 2.</_></rects>
      <tilted>0</tilted></_>
    <_>
      <rects>
        <_>
          0 0 21 24 -1.</_>
        <_>
          0 12 21 12 2.</_></rects>
      <tilted>0</tilted></_>
    <_>
      <rects>
        <_>
          0 1 24 21 -1.</_>
        <_>
          8 1 8 21 3.</_></rects>
      <tilted>0</tilted></_>
    <_>
      <rects>
        <_>
          0 2 24 21 -1.</_>
        <_>
          8 2 8 21 3.</_></rects>
      <tilted>0</tilted></_>
    <_>
      <rects>
        <_>
          0 2 12 16 -1.</_>
        <_>
          0 10 12 8 2.</_></rects>
      <tilted>0</tilted></_>
    <_>
      <rects>
        <_>
          0 3 9 8 -1.</_>
        <_>
          3 3 3 8 3.</_></rects>
      <tilted>0</tilted></_>
    <_>
      <rects>
        <_>
          0 3 8 15 -1.</_>
        <_>
          0 8 8 5 3.</_></rects>
      <tilted>0</tilted></_>
    <_>
      <rects>
        <_>
          0 9 14 9 -1.</_>
        <_>
          7 9 7 9 2.</_></rects>
      <tilted>0</tilted></_>
    <_>
      <rects>
        <_>
          0 9 24 12 -1.</_>
        <_>
          12 9 12 12 2.</_></rects>
      <tilted>0</tilted></_>
    <_>
      <rects>
        <_>
          0 11 2 13 -1.</_>
        <_>
          1 11 1 13 2.</_></rects>
      <tilted>0</tilted></_>
    <_>
      <rects>
        <_>
          0 18 1 2 -1.</_>
        <_>
          0 19 1 1 2.</_></rects>
      <tilted>0</tilted></_>
    <_>
      <rects>
        <_>
          0 22 24 1 -1.</_>
        <_>
          8 22 8 1 3.</_></rects>
      <tilted>0</tilted></_>
    <_>
      <rects>
        <_>
          0 22 9 2 -1.</_>
        <_>
          0 23 9 1 2.</_></rects>
      <tilted>0</tilted></_>
    <_>
      <rects>
        <_>
          1 0 6 1 -1.</_>
        <_>
          3 0 2 1 3.</_></rects>
      <tilted>0</tilted></_>
    <_>
      <rects>
        <_>
          1 0 16 24 -1.</_>
        <_>
          1 8 16 8 3.</_></rects>
      <tilted>0</tilted></_>
    <_>
      <rects>
        <_>
          1 0 19 24 -1.</_>
        <_>
          1 8 19 8 3.</_></rects>
      <tilted>0</tilted></_>
    <_>
      <rects>
        <_>
          1 2 21 21 -1.</_>
        <_>
          8 2 7 21 3.</_></rects>
      <tilted>0</tilted></_>
    <_>
      <rects>
        <_>
          1 12 20 4 -1.</_>
        <_>
          11 12 10 4 2.</_></rects>
      <tilted>0</tilted></_>
    <_>
      <rects>
        <_>
          2 1 22 1 -1.</_>
        <_>
          13 1 11 1 2.</_></rects>
      <tilted>0</tilted></_>
    <_>
      <rects>
        <_>
          2 3 21 4 -1.</_>
        <_>
          9 3 7 4 3.</_></rects>
      <tilted>0</tilted></_>
    <_>
      <rects>
        <_>
          2 4 9 20 -1.</_>
        <_>
          2 14 9 10 2.</_></rects>
      <tilted>0</tilted></_>
    <_>
      <rects>
        <_>
          2 11 12 11 -1.</_>
        <_>
          8 11 6 11 2.</_></rects>
      <tilted>0</tilted></_>
    <_>
      <rects>
        <_>
          2 11 22 13 -1.</_>
        <_>
          13 11 11 13 2.</_></rects>
      <tilted>0</tilted></_>
    <_>
      <rects>
        <_>
          2 18 9 6 -1.</_>
        <_>
          2 21 9 3 2.</_></rects>
      <tilted>0</tilted></_>
    <_>
      <rects>
        <_>
          3 0 18 6 -1.</_>
        <_>
          3 3 18 3 2.</_></rects>
      <tilted>0</tilted></_>
    <_>
      <rects>
        <_>
          3 0 21 6 -1.</_>
        <_>
          3 3 21 3 2.</_></rects>
      <tilted>0</tilted></_>
    <_>
      <rects>
        <_>
          3 2 18 12 -1.</_>
        <_>
          9 2 6 12 3.</_></rects>
      <tilted>0</tilted></_>
    <_>
      <rects>
        <_>
          3 7 3 7 -1.</_>
        <_>
          4 7 1 7 3.</_></rects>
      <tilted>0</tilted></_>
    <_>
      <rects>
        <_>
          3 15 10 6 -1.</_>
        <_>
          3 15 5 3 2.</_>
        <_>
          8 18 5 3 2.</_></rects>
      <tilted>0</tilted></_>
    <_>
      <rects>
        <_>
          3 23 9 1 -1.</_>
        <_>
          6 23 3 1 3.</_></rects>
      <tilted>0</tilted></_>
    <_>
      <rects>
        <_>
          4 0 3 1 -1.</_>
        <_>
          5 0 1 1 3.</_></rects>
      <tilted>0</tilted></_>
    <_>
      <rects>
        <_>
          4 0 20 1 -1.</_>
        <_>
          14 0 10 1 2.</_></rects>
      <tilted>0</tilted></_>
    <_>
      <rects>
        <_>
          4 0 20 15 -1.</_>
        <_>
          14 0 10 15 2.</_></rects>
      <tilted>0</tilted></_>
    <_>
      <rects>
        <_>
          4 20 10 2 -1.</_>
        <_>
          4 21 10 1 2.</_></rects>
      <tilted>0</tilted></_>
    <_>
      <rects>
        <_>
          5 0 1 14 -1.</_>
        <_>
          5 7 1 7 2.</_></rects>
      <tilted>0</tilted></_>
    <_>
      <rects>
        <_>
          5 0 12 1 -1.</_>
        <_>
          11 0 6 1 2.</_></rects>
      <tilted>0</tilted></_>
    <_>
      <rects>
        <_>
          5 15 9 2 -1.</_>
        <_>
          8 15 3 2 3.</_></rects>
      <tilted>0</tilted></_>
    <_>
      <rects>
        <_>
          5 16 6 6 -1.</_>
        <_>
          5 16 3 3 2.</_>
        <_>
          8 19 3 3 2.</_></rects>
      <tilted>0</tilted></_>
    <_>
      <rects>
        <_>
          5 19 12 3 -1.</_>
        <_>
          5 20 12 1 3.</_></rects>
      <tilted>0</tilted></_>
    <_>
      <rects>
        <_>
          6 6 7 3 -1.</_>
        <_>
          6 7 7 1 3.</_></rects>
      <tilted>0</tilted></_>
    <_>
      <rects>
        <_>
          7 2 2 2 -1.</_>
        <_>
          7 3 2 1 2.</_></rects>
      <tilted>0</tilted></_>
    <_>
      <rects>
        <_>
          7 8 12 16 -1.</_>
        <_>
          11 8 4 16 3.</_></rects>
      <tilted>0</tilted></_>
    <_>
      <rects>
        <_>
          7 9 6 1 -1.</_>
        <_>
          9 9 2 1 3.</_></rects>
      <tilted>0</tilted></_>
    <_>
      <rects>
        <_>
          7 10 5 3 -1.</_>
        <_>
          7 11 5 1 3.</_></rects>
      <tilted>0</tilted></_>
    <_>
      <rects>
        <_>
          7 18 11 6 -1.</_>
        <_>
          7 21 11 3 2.</_></rects>
      <tilted>0</tilted></_>
    <_>
      <rects>
        <_>
          8 0 9 1 -1.</_>
        <_>
          11 0 3 1 3.</_></rects>
      <tilted>0</tilted></_>
    <_>
      <rects>
        <_>
          8 0 16 2 -1.</_>
        <_>
          8 0 8 1 2.</_>
        <_>
          16 1 8 1 2.</_></rects>
      <tilted>0</tilted></_>
    <_>
      <rects>
        <_>
          8 6 7 3 -1.</_>
        <_>
          8 7 7 1 3.</_></rects>
      <tilted>0</tilted></_>
    <_>
      <rects>
        <_>
          8 7 16 17 -1.</_>
        <_>
          16 7 8 17 2.</_></rects>
      <tilted>0</tilted></_>
    <_>
      <rects>
        <_>
          8 8 2 4 -1.</_>
        <_>
          9 8 1 4 2.</_></rects>
      <tilted>0</tilted></_>
    <_>
      <rects>
        <_>
          8 9 6 3 -1.</_>
        <_>
          8 10 6 1 3.</_></rects>
      <tilted>0</tilted></_>
    <_>
      <rects>
        <_>
          8 9 8 3 -1.</_>
        <_>
          8 10 8 1 3.</_></rects>
      <tilted>0</tilted></_>
    <_>
      <rects>
        <_>
          8 10 16 12 -1.</_>
        <_>
          16 10 8 12 2.</_></rects>
      <tilted>0</tilted></_>
    <_>
      <rects>
        <_>
          8 22 12 2 -1.</_>
        <_>
          8 23 12 1 2.</_></rects>
      <tilted>0</tilted></_>
    <_>
      <rects>
        <_>
          9 0 10 24 -1.</_>
        <_>
          9 12 10 12 2.</_></rects>
      <tilted>0</tilted></_>
    <_>
      <rects>
        <_>
          9 4 5 12 -1.</_>
        <_>
          9 10 5 6 2.</_></rects>
      <tilted>0</tilted></_>
    <_>
      <rects>
        <_>
          9 7 3 4 -1.</_>
        <_>
          9 9 3 2 2.</_></rects>
      <tilted>0</tilted></_>
    <_>
      <rects>
        <_>
          9 7 5 3 -1.</_>
        <_>
          9 8 5 1 3.</_></rects>
      <tilted>0</tilted></_>
    <_>
      <rects>
        <_>
          9 8 6 1 -1.</_>
        <_>
          11 8 2 1 3.</_></rects>
      <tilted>0</tilted></_>
    <_>
      <rects>
        <_>
          9 8 4 4 -1.</_>
        <_>
          9 8 2 2 2.</_>
        <_>
          11 10 2 2 2.</_></rects>
      <tilted>0</tilted></_>
    <_>
      <rects>
        <_>
          9 8 6 13 -1.</_>
        <_>
          11 8 2 13 3.</_></rects>
      <tilted>0</tilted></_>
    <_>
      <rects>
        <_>
          9 8 6 2 -1.</_>
        <_>
          9 9 6 1 2.</_></rects>
      <tilted>0</tilted></_>
    <_>
      <rects>
        <_>
          9 11 6 9 -1.</_>
        <_>
          11 11 2 9 3.</_></rects>
      <tilted>0</tilted></_>
    <_>
      <rects>
        <_>
          9 12 6 9 -1.</_>
        <_>
          11 12 2 9 3.</_></rects>
      <tilted>0</tilted></_>
    <_>
      <rects>
        <_>
          9 18 5 3 -1.</_>
        <_>
          9 19 5 1 3.</_></rects>
      <tilted>0</tilted></_>
    <_>
      <rects>
        <_>
          9 19 11 3 -1.</_>
        <_>
          9 20 11 1 3.</_></rects>
      <tilted>0</tilted></_>
    <_>
      <rects>
        <_>
          9 23 3 1 -1.</_>
        <_>
          10 23 1 1 3.</_></rects>
      <tilted>0</tilted></_>
    <_>
      <rects>
        <_>
          10 0 6 8 -1.</_>
        <_>
          10 0 3 4 2.</_>
        <_>
          13 4 3 4 2.</_></rects>
      <tilted>0</tilted></_>
    <_>
      <rects>
        <_>
          10 0 11 2 -1.</_>
        <_>
          10 1 11 1 2.</_></rects>
      <tilted>0</tilted></_>
    <_>
      <rects>
        <_>
          10 0 13 8 -1.</_>
        <_>
          10 4 13 4 2.</_></rects>
      <tilted>0</tilted></_>
    <_>
      <rects>
        <_>
          10 6 3 7 -1.</_>
        <_>
          11 6 1 7 3.</_></rects>
      <tilted>0</tilted></_>
    <_>
      <rects>
        <_>
          10 6 6 6 -1.</_>
        <_>
          13 6 3 6 2.</_></rects>
      <tilted>0</tilted></_>
    <_>
      <rects>
        <_>
          10 7 5 3 -1.</_>
        <_>
          10 8 5 1 3.</_></rects>
      <tilted>0</tilted></_>
    <_>
      <rects>
        <_>
          10 8 1 6 -1.</_>
        <_>
          10 10 1 2 3.</_></rects>
      <tilted>0</tilted></_>
    <_>
      <rects>
        <_>
          10 8 3 16 -1.</_>
        <_>
          11 8 1 16 3.</_></rects>
      <tilted>0</tilted></_>
    <_>
      <rects>
        <_>
          11 1 9 14 -1.</_>
        <_>
          11 8 9 7 2.</_></rects>
      <tilted>0</tilted></_>
    <_>
      <rects>
        <_>
          11 4 6 6 -1.</_>
        <_>
          11 4 3 3 2.</_>
        <_>
          14 7 3 3 2.</_></rects>
      <tilted>0</tilted></_>
    <_>
      <rects>
        <_>
          11 8 3 9 -1.</_>
        <_>
          12 8 1 9 3.</_></rects>
      <tilted>0</tilted></_>
    <_>
      <rects>
        <_>
          11 10 2 6 -1.</_>
        <_>
          11 10 1 3 2.</_>
        <_>
          12 13 1 3 2.</_></rects>
      <tilted>0</tilted></_>
    <_>
      <rects>
        <_>
          11 11 4 12 -1.</_>
        <_>
          11 15 4 4 3.</_></rects>
      <tilted>0</tilted></_>
    <_>
      <rects>
        <_>
          11 16 6 3 -1.</_>
        <_>
          13 16 2 3 3.</_></rects>
      <tilted>0</tilted></_>
    <_>
      <rects>
        <_>
          12 0 11 4 -1.</_>
        <_>
          12 2 11 2 2.</_></rects>
      <tilted>0</tilted></_>
    <_>
      <rects>
        <_>
          12 11 2 2 -1.</_>
        <_>
          13 11 1 2 2.</_></rects>
      <tilted>0</tilted></_>
    <_>
      <rects>
        <_>
          12 11 3 12 -1.</_>
        <_>
          12 15 3 4 3.</_></rects>
      <tilted>0</tilted></_>
    <_>
      <rects>
        <_>
          13 0 7 4 -1.</_>
        <_>
          13 2 7 2 2.</_></rects>
      <tilted>0</tilted></_>
    <_>
      <rects>
        <_>
          13 11 2 2 -1.</_>
        <_>
          13 12 2 1 2.</_></rects>
      <tilted>0</tilted></_>
    <_>
      <rects>
        <_>
          13 18 10 5 -1.</_>
        <_>
          18 18 5 5 2.</_></rects>
      <tilted>0</tilted></_>
    <_>
      <rects>
        <_>
          13 20 1 4 -1.</_>
        <_>
          13 22 1 2 2.</_></rects>
      <tilted>0</tilted></_>
    <_>
      <rects>
        <_>
          14 0 2 4 -1.</_>
        <_>
          15 0 1 4 2.</_></rects>
      <tilted>0</tilted></_>
    <_>
      <rects>
        <_>
          15 0 9 1 -1.</_>
        <_>
          18 0 3 1 3.</_></rects>
      <tilted>0</tilted></_>
    <_>
      <rects>
        <_>
          15 6 9 3 -1.</_>
        <_>
          15 7 9 1 3.</_></rects>
      <tilted>0</tilted></_>
    <_>
      <rects>
        <_>
          15 8 6 16 -1.</_>
        <_>
          15 16 6 8 2.</_></rects>
      <tilted>0</tilted></_>
    <_>
      <rects>
        <_>
          16 11 8 2 -1.</_>
        <_>
          16 12 8 1 2.</_></rects>
      <tilted>0</tilted></_>
    <_>
      <rects>
        <_>
          16 12 8 8 -1.</_>
        <_>
          16 12 4 4 2.</_>
        <_>
          20 16 4 4 2.</_></rects>
      <tilted>0</tilted></_>
    <_>
      <rects>
        <_>
          17 0 7 6 -1.</_>
        <_>
          17 3 7 3 2.</_></rects>
      <tilted>0</tilted></_>
    <_>
      <rects>
        <_>
          17 8 4 16 -1.</_>
        <_>
          17 16 4 8 2.</_></rects>
      <tilted>0</tilted></_>
    <_>
      <rects>
        <_>
          18 0 6 2 -1.</_>
        <_>
          18 1 6 1 2.</_></rects>
      <tilted>0</tilted></_>
    <_>
      <rects>
        <_>
          18 5 3 19 -1.</_>
        <_>
          19 5 1 19 3.</_></rects>
      <tilted>0</tilted></_>
    <_>
      <rects>
        <_>
          18 9 6 14 -1.</_>
        <_>
          18 9 3 7 2.</_>
        <_>
          21 16 3 7 2.</_></rects>
      <tilted>0</tilted></_>
    <_>
      <rects>
        <_>
          19 0 2 3 -1.</_>
        <_>
          19 1 2 1 3.</_></rects>
      <tilted>0</tilted></_>
    <_>
      <rects>
        <_>
          19 0 5 24 -1.</_>
        <_>
          19 8 5 8 3.</_></rects>
      <tilted>0</tilted></_>
    <_>
      <rects>
        <_>
          20 2 4 9 -1.</_>
        <_>
          22 2 2 9 2.</_></rects>
      <tilted>0</tilted></_>
    <_>
      <rects>
        <_>
          20 16 4 6 -1.</_>
        <_>
          20 18 4 2 3.</_></rects>
      <tilted>0</tilted></_>
    <_>
      <rects>
        <_>
          20 20 4 3 -1.</_>
        <_>
          22 20 2 3 2.</_></rects>
      <tilted>0</tilted></_>
    <_>
      <rects>
        <_>
          21 18 3 3 -1.</_>
        <_>
          21 19 3 1 3.</_></rects>
      <tilted>0</tilted></_>
    <_>
      <rects>
        <_>
          23 1 1 6 -1.</_>
        <_>
          23 4 1 3 2.</_></rects>
      <tilted>0</tilted></_>
    <_>
      <rects>
        <_>
          23 16 1 6 -1.</_>
        <_>
          23 19 1 3 2.</_></rects>
      <tilted>0</tilted></_></features></cascade>
</opencv_storage>
